Date,ID,Name,Region,Rating,Product,Quantity,Price Per Unit, Total Value ,,,
1/31/2021 0:00,1,John Smith   ,North,Good,Magic Wand,10,$20.00,$200.00,,,
2/28/2021 0:00,2,Jane Doe,East,Excelent,Unicorn Horn,15,$10.00,$150.00,,,
4/30/2021 0:00,4,Anna   Belle,South,Average,Fairy Dust,25,$10.00,$250.00,,REGIONAL ANALYSIS,
5/31/2021 0:00,5,Chris P. Bacon,East,Good,Bacon Scented Candle,30,$16.67,$500.10,,,
7/31/2021 0:00,7,Mary Jane,West,Poor,Potent Potion,35,$10.00,$350.00,,Total Quantity Per Rergion,
8/31/2021 0:00,8,Bruce Wayne,South,Average,Bat Signal,40,$15.00,$600.00,,,
9/30/2021 0:00,9,Clark Kent,East,Good,Glasses with X-ray Vision,45,$12.22,$549.90,,REGION,Total Quantity
10/31/2021 0:00,10,Diana Prince,North,Excelent,Lasso of Truth,50,$14.00,$700.00,,North,105
11/30/2021 0:00,11,Tony Stark,West,Poor,Iron Man Suit,5,$160.00,$800.00,,South,295
12/31/2021 0:00,12,Steve Rogers,South,Average,Captain America Shield,20,$45.00,$900.00,,East,190
2/28/2022 0:00,14,Bruce Banner,Not specified ,Excelent,Gamma Radiation Serum,30,$36.67,"$1,100.10",,West,190
3/31/2022 0:00,15,Nick Fury,West,Poor,Eye Patch,35,$34.29,"$1,200.15",,Not specified ,30
5/31/2022 0:00,17,Peggy Carter,East,Good,Vintage Pistol,40,$35.00,"$1,400.00",,Asgard,155
6/30/2022 0:00,18,Howard Stark,North,Excelent,Arc Reactor,45,$33.33,"$1,499.85",,Total,965
7/31/2022 0:00,19,Hank Pym,West,Poor,Ant-Man Suit,50,$32.00,"$1,600.00",,,
8/31/2022 0:00,20,Janet van Dyne,South,Average,Wasp's Wings,55,$30.91,"$1,700.05",,Total Value Per Region,
9/30/2022 0:00,21,Kurt Busiek,East,Good,Comic Book,60,$30.00,"$1,800.00",,,
11/30/2022 0:00,23,Roger Stern,West,Poor,Notepads,65,$30.77,"$2,000.05",,REGION,Total Value
12/31/2022 0:00,24,Tom DeFalco,South,Average,Pen Set,70,$30.00,"$2,100.00",,North,"$2,399.85"
1/31/2023 0:00,25,Loki Laufeyson,Asgard,Mischief,Trickster's Hat,75,$29.33,"$2,199.75",,South,"$8,049.90"
2/28/2023 0:00,26,Thor Odinson,Asgard,Worthy,Mjolnir,80,$28.75,"$2,300.00",,East,"$4,400.00"
4/30/2023 0:00,28,Steve Rogers,South,Leader,Leadership Manual,85,$29.41,"$2,499.85",,West,"$5,950.20"
,,,,,,,,,,Asgard,4499.75
,,,,,,,,,,Not specified ,1100.1
,,,,,,,,,,Total,"$26,399.80"
,,,,,,,,,,,
,,,,,,,,,,,
,,,,,,,,,,,
,,,,,,,,,,,
,,,,,,,,,,,
,,,,,,,,,,,
,,,,,,,,,,,
